data,data,class
1,0.584332559,0
2,0.600082299,0
3,0.326366943,0
4,0.418023767,0
5,0.540266975,0
6,0.351917229,0
7,0.745421343,0
8,0.162814216,0
18,0.079877802,1
19,0.013261858,1
20,0.259497282,1
21,0.757821835,1
22,0.013630896,1
23,0.714887368,1
24,0.408078551,1
25,0.67126018,1
26,0.226639752,1
28,0.774989013,1
29,0.618012495,2
40,0.615202339,2
41,0.581939894,2
42,0.384869164,2
43,0.976699353,2
44,0.981599098,2
45,0.067095201,2
46,0.716388892,2
